rank;config_id;strategy_name;total_trades;win_rate;avg_pnl;total_pnl;profit_factor;max_drawdown;sharpe_ratio;avg_hold_time;filtered_out;best_trade;worst_trade;execution_time;buffer_hours_after;buffer_hours_before;cross_lookback_periods;long_enter_zone_mid_tf;long_exit_zone;long_extreme_exit;max_hold_hours;rsi_extreme_threshold;secondary_timeframes;short_enter_zone_mid_tf;short_exit_zone;short_extreme_exit;sma_change_periods;sma_change_threshold;stop_loss;strategy_name;take_profit;tf_multiplier_15m;tf_multiplier_1h;tf_multiplier_30m;trailing_stop_activation;trailing_stop_distance;use_trailing_stop
1;genetic_balanced_0094;genetic_gen0_94;38;71.05;1.7508;66.53;5.0;3.73;0.544;7.39;2631;10.34;-1.8;1518.941;200;160;10;47;55;80;16;18;['30m'];60;28;15;4;0.2;0.018;genetic_gen0_94;0.025;2;8;8;0.01;0.008;False
2;genetic_balanced_0082;genetic_gen0_82;40;77.5;1.632;65.28;5.51;6.6;0.673;6.81;2438;6.48;-2.2;1802.198;320;80;8;43;70;82;20;18;['15m', '30m'];63;38;25;8;0.4;0.022;genetic_gen0_82;0.025;3;16;4;0.008;0.008;False
3;genetic_balanced_0261;genetic_gen2_cross_61;32;71.88;1.5483;49.55;5.11;9.0;0.641;5.84;2601;5.88;-3.0;1461.524;200;160;6;45;70;88;8;18;['15m'];70;28;18;8;0.2;0.03;genetic_gen2_cross_61;0.06;2;12;8;0.012;0.005;False
4;genetic_balanced_0489;genetic_gen4_cross_89;50;76.0;1.5395;76.98;6.78;9.38;0.721;5.21;2810;5.88;-3.0;1436.367;180;160;15;30;70;78;8;20;['15m'];60;40;18;7;0.5;0.03;genetic_gen4_cross_89;0.05;3;12;4;0.01;0.006;False
5;genetic_balanced_0330;genetic_gen3_cross_30;47;74.47;1.4983;70.42;4.26;4.48;0.61;7.79;2610;6.82;-1.8;1695.798;320;80;12;47;72;88;16;18;['15m', '30m'];55;30;22;5;0.4;0.018;genetic_gen3_cross_30;0.06;2;8;4;0.012;0.005;False
6;genetic_balanced_0136;genetic_gen1_cross_36;41;75.61;1.4638;60.02;4.75;7.5;0.63;8.06;2819;6.68;-2.5;1688.101;180;80;6;43;65;82;30;18;['15m', '1h'];63;28;15;7;0.2;0.025;genetic_gen1_cross_36;0.05;4;12;4;0.01;0.01;False
7;genetic_balanced_0126;genetic_gen1_cross_26;38;68.42;1.4099;53.58;4.22;7.78;0.609;5.65;2822;6.49;-1.5;1632.988;240;140;8;37;72;75;12;18;['15m'];60;30;25;5;0.2;0.015;genetic_gen1_cross_26;0.03;3;12;8;0.015;0.01;False
8;genetic_balanced_0469;genetic_gen4_cross_69;71;61.97;1.4091;100.05;2.72;9.89;0.429;8.55;2604;8.72;-2.2;1395.038;280;160;15;37;68;88;16;12;['30m'];70;28;22;6;0.8;0.022;genetic_gen4_cross_69;0.04;2;8;6;0.015;0.008;False
9;genetic_balanced_0473;genetic_gen4_mut_73;59;77.97;1.3938;82.24;4.33;9.56;0.584;6.25;2801;6.95;-2.5;1833.228;240;80;6;47;72;80;16;20;['15m', '30m'];55;45;20;7;0.5;0.025;genetic_gen4_mut_73;0.05;2;16;8;0.015;0.006;False
10;genetic_balanced_0392;genetic_gen3_cross_92;52;57.69;1.3741;71.45;3.45;9.28;0.425;8.5;2808;12.56;-1.5;1308.695;180;80;10;45;60;88;30;15;['30m'];60;28;12;3;0.5;0.015;genetic_gen3_cross_92;0.025;2;8;8;0.015;0.012;False
11;genetic_balanced_0333;genetic_gen3_cross_33;76;55.26;1.3661;103.82;3.14;10.39;0.445;6.72;2784;8.72;-1.5;1458.846;320;120;6;30;68;75;30;18;['30m'];63;38;15;6;0.6;0.015;genetic_gen3_cross_33;0.03;2;8;8;0.015;0.012;False
12;genetic_balanced_0273;genetic_gen2_cross_73;53;69.81;1.3519;71.65;5.18;7.52;0.633;5.31;2807;5.88;-2.0;2008.541;280;100;6;43;72;80;8;20;['15m', '30m'];60;35;22;7;0.5;0.02;genetic_gen2_cross_73;0.045;4;8;8;0.008;0.005;False
13;genetic_balanced_0098;genetic_gen0_98;38;60.53;1.3414;50.97;2.89;7.2;0.433;9.22;2611;8.72;-1.8;1540.555;180;140;12;40;72;80;30;12;['30m'];60;35;15;3;0.3;0.018;genetic_gen0_98;0.045;2;12;8;0.008;0.01;False
14;genetic_balanced_0306;genetic_gen0_6;40;75.0;1.3362;53.45;5.45;4.8;0.703;3.78;2620;6.68;-1.2;1812.725;280;160;6;37;65;88;30;18;['15m', '1h'];60;38;15;7;0.3;0.012;genetic_gen0_6;0.06;2;12;6;0.01;0.012;False
15;genetic_balanced_0299;genetic_gen2_mut_99;65;69.23;1.3035;84.73;4.07;6.41;0.466;4.54;2795;8.72;-1.5;1446.867;320;140;6;45;55;80;12;15;['30m'];65;28;12;6;0.4;0.015;genetic_gen2_mut_99;0.025;2;8;4;0.008;0.005;False
16;genetic_balanced_0388;genetic_gen3_mut_88;49;65.31;1.2946;63.44;4.39;6.0;0.595;4.97;2811;5.88;-1.2;1762.623;240;80;12;43;72;75;12;15;['15m', '1h'];60;38;25;7;0.4;0.012;genetic_gen3_mut_88;0.05;3;16;8;0.008;0.01;False
17;genetic_balanced_0072;genetic_gen0_72;164;65.85;1.268;207.95;3.23;11.35;0.409;5.1;2696;9.01;-2.5;1325.834;180;160;8;45;62;82;8;20;['1h'];55;30;18;5;0.5;0.025;genetic_gen0_72;0.04;3;8;4;0.01;0.005;False
18;genetic_balanced_0327;genetic_gen3_cross_27;53;64.15;1.2566;66.6;3.45;4.5;0.459;4.91;2807;8.72;-1.5;1385.95;280;100;8;40;60;85;16;18;['30m'];65;35;12;5;0.5;0.015;genetic_gen3_cross_27;0.06;4;8;4;0.012;0.005;False
19;genetic_balanced_0479;genetic_gen4_cross_79;154;70.78;1.248;192.2;3.44;11.19;0.406;4.2;2706;9.01;-3.0;1241.265;280;80;10;40;55;75;12;15;['1h'];55;40;15;5;0.4;0.03;genetic_gen4_cross_79;0.04;4;12;8;0.008;0.006;False
20;genetic_balanced_0425;genetic_gen4_cross_25;122;65.57;1.2402;151.31;2.58;10.08;0.382;11.84;2738;8.72;-3.0;1530.834;280;140;6;35;70;78;20;10;['30m'];65;30;25;8;0.7;0.03;genetic_gen4_cross_25;0.035;4;8;4;0.012;0.01;False
21;genetic_balanced_0006;genetic_gen0_6;47;74.47;1.23;57.81;5.01;4.8;0.672;3.68;2813;6.68;-1.2;2043.637;280;160;6;37;65;88;30;18;['15m', '1h'];60;38;15;7;0.3;0.012;genetic_gen0_6;0.06;2;12;6;0.01;0.012;False
22;genetic_balanced_0106;genetic_gen0_6;47;74.47;1.23;57.81;5.01;4.8;0.672;3.68;2813;6.68;-1.2;2039.769;280;160;6;37;65;88;30;18;['15m', '1h'];60;38;15;7;0.3;0.012;genetic_gen0_6;0.06;2;12;6;0.01;0.012;False
23;genetic_balanced_0206;genetic_gen0_6;47;74.47;1.23;57.81;5.01;4.8;0.672;3.68;2813;6.68;-1.2;1873.337;280;160;6;37;65;88;30;18;['15m', '1h'];60;38;15;7;0.3;0.012;genetic_gen0_6;0.06;2;12;6;0.01;0.012;False
24;genetic_balanced_0406;genetic_gen0_6;47;74.47;1.23;57.81;5.01;4.8;0.672;3.68;2813;6.68;-1.2;1941.463;280;160;6;37;65;88;30;18;['15m', '1h'];60;38;15;7;0.3;0.012;genetic_gen0_6;0.06;2;12;6;0.01;0.012;False
25;genetic_balanced_0243;genetic_gen2_cross_43;62;66.13;1.2267;76.06;3.52;6.0;0.475;5.9;2798;8.72;-1.5;1365.26;180;120;8;50;62;88;24;10;['30m'];70;32;12;6;0.2;0.015;genetic_gen2_cross_43;0.05;2;12;4;0.008;0.008;False
26;genetic_balanced_0179;genetic_gen1_cross_79;37;64.86;1.2134;44.89;4.0;4.8;0.547;4.87;2823;6.48;-1.2;1548.568;200;100;6;35;68;88;12;15;['15m'];70;35;12;8;0.2;0.012;genetic_gen1_cross_79;0.05;4;16;8;0.01;0.012;False
27;genetic_balanced_0331;genetic_gen3_cross_31;53;69.81;1.2127;64.27;4.35;6.0;0.592;4.56;2807;6.48;-1.2;1819.428;180;80;12;40;68;82;12;18;['15m', '30m'];57;38;18;9;0.3;0.012;genetic_gen3_cross_31;0.03;4;12;8;0.008;0.01;False
28;genetic_balanced_0498;genetic_gen4_mut_98;140;60.0;1.2055;168.77;2.42;12.08;0.34;8.15;2720;9.01;-2.2;893.205;280;80;12;40;62;80;24;20;['1h'];57;28;18;4;0.3;0.022;genetic_gen4_mut_98;0.045;2;16;4;0.01;0.008;False
29;genetic_balanced_0431;genetic_gen4_mut_31;48;66.67;1.201;57.65;2.96;11.0;0.461;8.83;2812;6.48;-2.2;2065.859;320;140;15;35;70;78;20;18;['15m', '30m'];65;32;12;7;0.6;0.022;genetic_gen4_mut_31;0.05;2;16;8;0.008;0.01;False
30;genetic_balanced_0493;genetic_gen4_cross_93;116;54.31;1.1919;138.26;2.33;10.65;0.347;12.22;2536;9.57;-2.2;1132.397;320;100;10;30;70;75;24;10;['30m'];55;28;22;9;0.4;0.022;genetic_gen4_cross_93;0.03;3;16;6;0.008;0.008;False
31;genetic_balanced_0221;genetic_gen2_cross_21;48;45.83;1.1714;56.23;2.86;8.4;0.394;7.99;2812;8.72;-1.2;1380.777;200;160;10;37;70;78;16;10;['30m'];63;30;25;3;0.3;0.012;genetic_gen2_cross_21;0.025;3;8;4;0.01;0.005;False
32;genetic_balanced_0198;genetic_gen1_cross_98;66;50.0;1.1693;77.18;2.34;10.8;0.335;9.33;2794;13.06;-1.8;1473.793;280;140;15;43;72;80;24;15;['30m'];67;40;22;5;0.8;0.018;genetic_gen1_cross_98;0.035;2;16;6;0.01;0.005;False
33;genetic_balanced_0482;genetic_gen4_cross_82;44;68.18;1.1644;51.23;3.54;6.28;0.534;7.07;2816;6.49;-1.5;1853.992;200;160;15;37;68;88;24;15;['15m', '1h'];57;30;22;6;0.3;0.015;genetic_gen4_cross_82;0.05;4;8;4;0.01;0.012;False
34;genetic_balanced_0279;genetic_gen2_cross_79;98;55.1;1.157;113.38;2.25;22.93;0.328;10.08;2762;13.06;-2.5;1426.356;200;140;6;43;72;75;16;20;['30m'];57;30;15;7;0.6;0.025;genetic_gen2_cross_79;0.03;3;16;6;0.008;0.005;False
35;genetic_balanced_0065;genetic_gen0_65;43;74.42;1.148;49.36;4.9;4.8;0.659;3.18;2817;6.68;-1.2;1845.968;200;120;15;35;65;75;8;18;['15m', '1h'];63;38;18;8;0.3;0.012;genetic_gen0_65;0.03;3;16;6;0.012;0.005;False
36;genetic_balanced_0222;genetic_gen2_cross_22;57;57.89;1.147;65.38;3.27;8.24;0.468;6.14;2803;6.95;-1.2;1577.214;280;160;15;43;70;80;16;18;['15m'];63;30;22;9;0.6;0.012;genetic_gen2_cross_22;0.03;2;8;6;0.01;0.008;False
37;genetic_balanced_0447;genetic_gen4_cross_47;48;64.58;1.1454;54.98;3.7;4.8;0.534;5.36;2812;6.48;-1.2;1633.826;180;100;6;50;68;82;24;20;['15m', '1h'];60;35;20;8;0.3;0.012;genetic_gen4_cross_47;0.03;2;16;6;0.008;0.01;False
38;genetic_balanced_0007;genetic_gen0_7;64;75.0;1.142;73.09;4.99;6.0;0.635;3.99;2796;6.49;-1.5;2029.485;180;120;12;40;55;75;12;12;['15m', '30m'];57;28;22;5;0.4;0.015;genetic_gen0_7;0.025;4;12;6;0.01;0.008;False
39;genetic_balanced_0107;genetic_gen0_7;64;75.0;1.142;73.09;4.99;6.0;0.635;3.99;2796;6.49;-1.5;2041.046;180;120;12;40;55;75;12;12;['15m', '30m'];57;28;22;5;0.4;0.015;genetic_gen0_7;0.025;4;12;6;0.01;0.008;False
40;genetic_balanced_0307;genetic_gen0_7;64;75.0;1.142;73.09;4.99;6.0;0.635;3.99;2796;6.49;-1.5;1880.542;180;120;12;40;55;75;12;12;['15m', '30m'];57;28;22;5;0.4;0.015;genetic_gen0_7;0.025;4;12;6;0.01;0.008;False
41;genetic_balanced_0407;genetic_gen0_7;64;75.0;1.142;73.09;4.99;6.0;0.635;3.99;2796;6.49;-1.5;1943.517;180;120;12;40;55;75;12;12;['15m', '30m'];57;28;22;5;0.4;0.015;genetic_gen0_7;0.025;4;12;6;0.01;0.008;False
42;genetic_balanced_0207;genetic_gen0_7;57;73.68;1.1329;64.57;4.56;6.0;0.602;4.04;2565;6.49;-1.5;1788.275;180;120;12;40;55;75;12;12;['15m', '30m'];57;28;22;5;0.4;0.015;genetic_gen0_7;0.025;4;12;6;0.01;0.008;False
43;genetic_balanced_0049;genetic_gen0_49;69;69.57;1.1304;78.0;2.37;17.58;0.363;9.68;2791;8.72;-3.0;1309.114;200;120;6;50;72;85;30;12;['30m'];70;45;20;4;0.7;0.03;genetic_gen0_49;0.035;4;8;4;0.008;0.005;False
44;genetic_balanced_0097;genetic_gen0_97;86;68.6;1.1279;97.0;2.78;6.12;0.388;9.08;2774;8.72;-3.0;1509.03;180;120;12;40;65;85;24;12;['30m'];65;40;25;8;0.5;0.03;genetic_gen0_97;0.06;2;16;6;0.008;0.008;False
45;genetic_balanced_0017;genetic_gen0_17;55;69.09;1.1274;62.01;4.04;7.2;0.571;5.35;2805;5.88;-1.2;2058.252;280;100;15;50;70;88;16;20;['15m', '30m'];57;40;12;3;0.5;0.012;genetic_gen0_17;0.025;3;12;6;0.015;0.005;False
46;genetic_balanced_0217;genetic_gen0_17;55;69.09;1.1274;62.01;4.04;7.2;0.571;5.35;2805;5.88;-1.2;1955.747;280;100;15;50;70;88;16;20;['15m', '30m'];57;40;12;3;0.5;0.012;genetic_gen0_17;0.025;3;12;6;0.015;0.005;False
47;genetic_balanced_0317;genetic_gen0_17;55;69.09;1.1274;62.01;4.04;7.2;0.571;5.35;2805;5.88;-1.2;1966.547;280;100;15;50;70;88;16;20;['15m', '30m'];57;40;12;3;0.5;0.012;genetic_gen0_17;0.025;3;12;6;0.015;0.005;False
48;genetic_balanced_0417;genetic_gen0_17;55;69.09;1.1274;62.01;4.04;7.2;0.571;5.35;2805;5.88;-1.2;2035.226;280;100;15;50;70;88;16;20;['15m', '30m'];57;40;12;3;0.5;0.012;genetic_gen0_17;0.025;3;12;6;0.015;0.005;False
49;genetic_balanced_0382;genetic_gen3_cross_82;217;68.66;1.113;241.52;3.47;10.24;0.394;3.54;2643;9.01;-3.0;1312.568;200;120;10;43;55;85;8;18;['1h'];70;40;25;8;0.7;0.03;genetic_gen3_cross_82;0.06;4;12;8;0.012;0.006;False
50;genetic_balanced_0254;genetic_gen2_cross_54;58;68.97;1.1114;64.46;3.46;7.5;0.463;6.01;2802;9.84;-1.5;2013.678;240;160;12;40;72;80;24;18;['15m', '1h'];55;45;25;7;0.5;0.015;genetic_gen2_cross_54;0.045;2;16;8;0.015;0.012;False
