pair;direction;rsi;signal_time;entry_time_str;exit_time_str;entry_price;exit_price;pnl_percent;hold_time;dynamic_sl;status;exit_reason;filter_info;filtered_out;;;;;
BTCUSDT;Short;57.23385783325465;29.07.2025 13:35;29.07.2025 13:35;0;118924.8;0;0;0;0;Filtered;Filtered;Weak Entry Signal;1;;;;;
BTCUSDT;Long;40.17215330433493;29.07.2025 14:40;29.07.2025 14:40;0;118268.9;0;0;0;0;Filtered;Filtered;Weak Entry Signal;1;;;;;
BTCUSDT;Long;33.012215926489745;29.07.2025 15:10;29.07.2025 15:10;0;117785.4;0;0;0;0;Filtered;Filtered;Weak Entry Signal;1;;;;;
BTCUSDT;Long;31.56144080520191;29.07.2025 15:45;29.07.2025 15:45;0;117542.5;0;0;0;0;Filtered;Filtered;Weak Entry Signal;1;;;;;
BTCUSDT;Long;32.49883126609858;29.07.2025 16:05;29.07.2025 16:05;30.07.2025 7:10;117463.7;118216.5;0,640878842;15.083333333333334;113939.78899999999;Profit;Reverse Signal (Short);;0;;;;;
BTCUSDT;Long;43.80017556857453;29.07.2025 16:40;29.07.2025 16:40;30.07.2025 7:10;117460.4;118216.5;0,643706304;14.Тра;113936.58799999999;Profit;Reverse Signal (Short);;0;;;;;
BTCUSDT;Short;51.95441109615769;29.07.2025 23:40;29.07.2025 23:40;0;117754.6;0;0;0;0;Filtered;Filtered;Weak Entry Signal;1;;;;;
BTCUSDT;Long;47.23175862852897;30.07.2025 12:20;30.07.2025 12:20;0;117796.2;0;0;0;0;Filtered;Filtered;Weak Entry Signal;1;;;;;
BTCUSDT;Short;61.37989763251988;30.07.2025 15:05;30.07.2025 15:05;0;118357.9;0;0;0;0;Filtered;Filtered;Weak Entry Signal;1;;;;;
BTCUSDT;Long;32.61602984555128;30.07.2025 19:25;30.07.2025 19:25;30.07.2025 20:50;116451.3;117059.7;0,522450157;1.4166666666666667;112957.761;Profit;Reverse Signal (Short);;0;;;;;
BTCUSDT;Short;61.88642015454175;30.07.2025 23:20;30.07.2025 23:20;0;117500.4;0;0;0;0;Filtered;Filtered;Weak Entry Signal;1;;;;;
BTCUSDT;Short;71.9345173187611;31.07.2025 0:50;31.07.2025 0:50;0;118312.2;0;0;0;0;Filtered;Filtered;Secondary TF Filter: Recent bull cross at RSI_SMA=46.39;1;;;;;
BTCUSDT;Long;39.592249769690376;31.07.2025 18:20;31.07.2025 18:20;0;117722.6;0;0;0;0;Filtered;Filtered;Weak Entry Signal;1;;;;;
BTCUSDT;Long;32.23691831381355;31.07.2025 20:15;31.07.2025 20:15;01.08.2025 3:00;116822.3;115828.8;-0,850436946;Чер.75;113317.631;Loss;Reverse Signal (Short);;0;;27,70129777;23;1,204404251;23,10129777
BTCUSDT;Long;38.51159460334777;31.07.2025 22:40;31.07.2025 22:40;0;116212.0;0;0;0;0;Filtered;Filtered;Weak Entry Signal;1;;;;;
BTCUSDT;Long;38.31837476782482;01.08.2025 0:00;01.08.2025 0:00;0;115763.3;0;0;0;0;Filtered;Filtered;Weak Entry Signal;1;;;;;
BTCUSDT;Long;38.95915447927324;01.08.2025 7:15;01.08.2025 7:15;0;115112.9;0;0;0;0;Filtered;Filtered;Weak Entry Signal;1;;;;;
BTCUSDT;Long;32.14637237608052;01.08.2025 7:40;01.08.2025 7:40;0;114756.9;0;0;0;0;Filtered;Filtered;Weak Entry Signal;1;;;;;
BTCUSDT;Long;36.06920007420175;01.08.2025 8:35;01.08.2025 8:35;0;114478.8;0;0;0;0;Filtered;Filtered;Weak Entry Signal;1;;;;;
BTCUSDT;Short;63.464209652632206;01.08.2025 12:55;01.08.2025 12:55;0;115722.3;0;0;0;0;Filtered;Filtered;Weak Entry Signal;1;;;;;
BTCUSDT;Short;62.65467640732981;01.08.2025 13:10;01.08.2025 13:10;0;115770.7;0;0;0;0;Filtered;Filtered;Weak Entry Signal;1;;;;;
BTCUSDT;Long;38.58871442381861;01.08.2025 18:25;01.08.2025 18:25;0;114153.6;0;0;0;0;Filtered;Filtered;Weak Entry Signal;1;;;;;
BTCUSDT;Long;37.70904818650688;01.08.2025 19:05;01.08.2025 19:05;0;113885.2;0;0;0;0;Filtered;Filtered;Weak Entry Signal;1;;;;;
BTCUSDT;Long;42.15467502972655;01.08.2025 19:30;01.08.2025 19:30;0;113763.8;0;0;0;0;Filtered;Filtered;Weak Entry Signal;1;;;;;
BTCUSDT;Long;39.01174211375042;01.08.2025 19:45;01.08.2025 19:45;0;113448.9;0;0;0;0;Filtered;Filtered;Weak Entry Signal;1;;;;;
BTCUSDT;Short;61.19713360672427;02.08.2025 4:05;02.08.2025 4:05;0;113893.3;0;0;0;0;Filtered;Filtered;Weak Entry Signal;1;;;;;
BTCUSDT;Long;39.2707246875231;02.08.2025 6:45;02.08.2025 6:45;0;113668.5;0;0;0;0;Filtered;Filtered;Weak Entry Signal;1;;;;;
BTCUSDT;Long;36.30697835311462;02.08.2025 18:40;02.08.2025 18:40;0;112513.7;0;0;0;0;Filtered;Filtered;Weak Entry Signal;1;;;;;
BTCUSDT;Long;33.21160521312382;02.08.2025 18:55;02.08.2025 18:55;0;112340.7;0;0;0;0;Filtered;Filtered;Weak Entry Signal;1;;;;;
BTCUSDT;Short;65.08680290972201;03.08.2025 3:10;03.08.2025 3:10;0;113469.4;0;0;0;0;Filtered;Filtered;Weak Entry Signal;1;;;;;
BTCUSDT;Short;62.30451385667639;03.08.2025 3:55;03.08.2025 3:55;0;113607.8;0;0;0;0;Filtered;Filtered;Weak Entry Signal;1;;;;;
BTCUSDT;Short;60.10838859238596;03.08.2025 11:25;03.08.2025 11:25;0;114008.7;0;0;0;0;Filtered;Filtered;Weak Entry Signal;1;;;;;
BTCUSDT;Short;55.16459940938808;03.08.2025 19:40;03.08.2025 19:40;0;114415.9;0;0;0;0;Filtered;Filtered;Weak Entry Signal;1;;;;;
BTCUSDT;Short;58.24965754893574;04.08.2025 1:15;04.08.2025 1:15;0;114660.4;0;0;0;0;Filtered;Filtered;Weak Entry Signal;1;;;;;
BTCUSDT;Short;63.013205446523;04.08.2025 1:35;04.08.2025 1:35;0;114818.2;0;0;0;0;Filtered;Filtered;Weak Entry Signal;1;;;;;
BTCUSDT;Long;38.20517184306305;04.08.2025 5:35;04.08.2025 5:35;0;114296.9;0;0;0;0;Filtered;Filtered;Weak Entry Signal;1;;;;;
BTCUSDT;Long;42.281825510340724;04.08.2025 6:25;04.08.2025 6:25;0;114259.0;0;0;0;0;Filtered;Filtered;Weak Entry Signal;1;;;;;
BTCUSDT;Short;61.92808836995144;04.08.2025 7:55;04.08.2025 7:55;0;114676.2;0;0;0;0;Filtered;Filtered;Weak Entry Signal;1;;;;;
BTCUSDT;Short;59.37177599663215;04.08.2025 14:35;04.08.2025 14:35;0;115116.9;0;0;0;0;Filtered;Filtered;Weak Entry Signal;1;;;;;
BTCUSDT;Long;40.44330142156635;04.08.2025 20:05;04.08.2025 20:05;0;114789.9;0;0;0;0;Filtered;Filtered;Weak Entry Signal;1;;;;;
BTCUSDT;Long;43.575409109292806;04.08.2025 20:20;04.08.2025 20:20;0;114782.5;0;0;0;0;Filtered;Filtered;Weak Entry Signal;1;;;;;
BTCUSDT;Long;40.288017875232896;05.08.2025 0:55;05.08.2025 0:55;0;114891.3;0;0;0;0;Filtered;Filtered;Weak Entry Signal;1;;;;;
BTCUSDT;Long;47.034793306153965;05.08.2025 2:45;05.08.2025 2:45;0;114765.6;0;0;0;0;Filtered;Filtered;Weak Entry Signal;1;;;;;
BTCUSDT;Short;60.17026032603839;05.08.2025 10:00;05.08.2025 10:00;0;114624.9;0;0;0;0;Filtered;Filtered;Weak Entry Signal;1;;;;;
BTCUSDT;Short;61.05227240925966;05.08.2025 10:45;05.08.2025 10:45;0;114871.8;0;0;0;0;Filtered;Filtered;Weak Entry Signal;1;;;;;
BTCUSDT;Long;37.948393525855444;05.08.2025 13:10;05.08.2025 13:10;0;114045.1;0;0;0;0;Filtered;Filtered;Weak Entry Signal;1;;;;;
BTCUSDT;Long;32.39178405650358;05.08.2025 14:55;05.08.2025 14:55;0;113032.2;0;0;0;0;Filtered;Filtered;Weak Entry Signal;1;;;;;
BTCUSDT;Long;36.37298527410006;05.08.2025 15:50;05.08.2025 15:50;0;112872.3;0;0;0;0;Filtered;Filtered;Weak Entry Signal;1;;;;;
BTCUSDT;Short;62.311068705142375;05.08.2025 23:55;05.08.2025 23:55;0;114123.0;0;0;0;0;Filtered;Filtered;Weak Entry Signal;1;;;;;
BTCUSDT;Short;55.609342946219044;06.08.2025 6:00;06.08.2025 6:00;0;113988.8;0;0;0;0;Filtered;Filtered;Weak Entry Signal;1;;;;;
BTCUSDT;Short;65.21558271346265;06.08.2025 15:45;06.08.2025 15:45;0;115136.8;0;0;0;0;Filtered;Filtered;Weak Entry Signal;1;;;;;
BTCUSDT;Short;68.09260123389339;06.08.2025 16:05;06.08.2025 16:05;0;115368.0;0;0;0;0;Filtered;Filtered;Weak Entry Signal;1;;;;;
BTCUSDT;Long;36.17606865069855;07.08.2025 3:25;07.08.2025 3:25;0;114519.3;0;0;0;0;Filtered;Filtered;Weak Entry Signal;1;;;;;
BTCUSDT;Short;59.700599987953716;07.08.2025 7:30;07.08.2025 7:30;0;114791.0;0;0;0;0;Filtered;Filtered;Weak Entry Signal;1;;;;;
BTCUSDT;Short;63.46866911270678;07.08.2025 8:30;07.08.2025 8:30;0;115038.4;0;0;0;0;Filtered;Filtered;Weak Entry Signal;1;;;;;
BTCUSDT;Short;70.27624219349559;07.08.2025 11:30;07.08.2025 11:30;0;116543.2;0;0;0;0;Filtered;Filtered;Secondary TF Filter: Recent bull cross at RSI_SMA=50.76;1;;;;;
BTCUSDT;Short;67.4163743705621;07.08.2025 20:10;07.08.2025 20:10;0;117290.4;0;0;0;0;Filtered;Filtered;Weak Entry Signal;1;;;;;
BTCUSDT;Short;69.01264768460902;07.08.2025 20:25;07.08.2025 20:25;0;117412.6;0;0;0;0;Filtered;Filtered;Secondary TF Filter: Uptrend: avg_sma_change=1.87, no_rsi_extreme=True;1;;;;;
BTCUSDT;Long;43.79841417894845;08.08.2025 6:10;08.08.2025 6:10;0;116571.4;0;0;0;0;Filtered;Filtered;Weak Entry Signal;1;;;;;
BTCUSDT;Long;42.544042104107525;08.08.2025 15:55;08.08.2025 15:55;0;116201.8;0;0;0;0;Filtered;Filtered;Weak Entry Signal;1;;;;;
BTCUSDT;Short;52.85685190866382;08.08.2025 18:25;08.08.2025 18:25;0;116595.6;0;0;0;0;Filtered;Filtered;Weak Entry Signal;1;;;;;
BTCUSDT;Short;61.72814007361147;08.08.2025 21:35;08.08.2025 21:35;0;116848.4;0;0;0;0;Filtered;Filtered;Weak Entry Signal;1;;;;;
BTCUSDT;Short;63.03553483005369;08.08.2025 21:55;08.08.2025 21:55;0;116926.0;0;0;0;0;Filtered;Filtered;Weak Entry Signal;1;;;;;
BTCUSDT;Short;60.71593941663576;08.08.2025 22:15;08.08.2025 22:15;0;116914.8;0;0;0;0;Filtered;Filtered;Weak Entry Signal;1;;;;;
BTCUSDT;Short;58.01442843181896;08.08.2025 22:30;08.08.2025 22:30;0;116901.3;0;0;0;0;Filtered;Filtered;Weak Entry Signal;1;;;;;
BTCUSDT;Long;44.30073513735397;09.08.2025 1:05;09.08.2025 1:05;0;116640.3;0;0;0;0;Filtered;Filtered;Weak Entry Signal;1;;;;;
BTCUSDT;Long;40.61581720916009;09.08.2025 1:30;09.08.2025 1:30;0;116567.5;0;0;0;0;Filtered;Filtered;Weak Entry Signal;1;;;;;
BTCUSDT;Long;45.09673752166381;09.08.2025 3:10;09.08.2025 3:10;0;116447.5;0;0;0;0;Filtered;Filtered;Weak Entry Signal;1;;;;;
BTCUSDT;Short;61.29203900981816;09.08.2025 9:40;09.08.2025 9:40;0;117271.9;0;0;0;0;Filtered;Filtered;Weak Entry Signal;1;;;;;
BTCUSDT;Short;82.64525611521957;10.08.2025 3:40;10.08.2025 3:40;0;118213.4;0;0;0;0;Filtered;Filtered;Secondary TF Filter: Recent bull cross at RSI_SMA=47.01;1;;;;;
BTCUSDT;Short;56.82042119142333;10.08.2025 23:10;10.08.2025 23:10;0;118944.6;0;0;0;0;Filtered;Filtered;Weak Entry Signal;1;;;;;
BTCUSDT;Short;60.03505478180538;11.08.2025 0:00;11.08.2025 0:00;0;119194.3;0;0;0;0;Filtered;Filtered;Weak Entry Signal;1;;;;;
BTCUSDT;Short;79.37588743441549;11.08.2025 3:00;11.08.2025 3:00;0;121748.0;0;0;0;0;Filtered;Filtered;Secondary TF Filter: Recent bull cross at RSI_SMA=65.69;1;;;;;
BTCUSDT;Long;42.63244196570564;11.08.2025 9:40;11.08.2025 9:40;0;121422.9;0;0;0;0;Filtered;Filtered;Weak Entry Signal;1;;;;;
BTCUSDT;Long;41.256550827499055;11.08.2025 10:10;11.08.2025 10:10;0;121293.7;0;0;0;0;Filtered;Filtered;Weak Entry Signal;1;;;;;
BTCUSDT;Long;42.32481986060689;11.08.2025 10:55;11.08.2025 10:55;0;121176.0;0;0;0;0;Filtered;Filtered;Weak Entry Signal;1;;;;;
BTCUSDT;Long;34.97212233395601;11.08.2025 11:40;11.08.2025 11:40;0;120675.6;0;0;0;0;Filtered;Filtered;Weak Entry Signal;1;;;;;
BTCUSDT;Long;35.65518161166359;11.08.2025 11:55;11.08.2025 11:55;0;120546.6;0;0;0;0;Filtered;Filtered;Weak Entry Signal;1;;;;;
BTCUSDT;Long;32.4874488563071;11.08.2025 12:30;11.08.2025 12:30;0;120229.5;0;0;0;0;Filtered;Filtered;Weak Entry Signal;1;;;;;
BTCUSDT;Long;27.679127369368047;11.08.2025 13:05;11.08.2025 13:05;0;119619.5;0;0;0;0;Filtered;Filtered;Secondary TF Filter: Recent bear cross at RSI_SMA=73.82;1;;;;;
BTCUSDT;Long;38.5777405755015;11.08.2025 18:10;11.08.2025 18:10;0;119502.3;0;0;0;0;Filtered;Filtered;Weak Entry Signal;1;;;;;
BTCUSDT;Long;35.35293402043585;11.08.2025 20:20;11.08.2025 20:20;0;118787.8;0;0;0;0;Filtered;Filtered;Weak Entry Signal;1;;;;;
BTCUSDT;Long;47.14779719396548;12.08.2025 10:20;12.08.2025 10:20;0;118559.7;0;0;0;0;Filtered;Filtered;Weak Entry Signal;1;;;;;
BTCUSDT;Short;61.03512082390908;12.08.2025 15:40;12.08.2025 15:40;0;119677.3;0;0;0;0;Filtered;Filtered;Weak Entry Signal;1;;;;;
BTCUSDT;Short;63.59077633064037;12.08.2025 16:05;12.08.2025 16:05;0;119892.2;0;0;0;0;Filtered;Filtered;Weak Entry Signal;1;;;;;
BTCUSDT;Long;37.703578652431;13.08.2025 1:50;13.08.2025 1:50;0;119490.3;0;0;0;0;Filtered;Filtered;Weak Entry Signal;1;;;;;
BTCUSDT;Long;34.08688900989928;13.08.2025 2:25;13.08.2025 2:25;0;119273.2;0;0;0;0;Filtered;Filtered;Weak Entry Signal;1;;;;;
BTCUSDT;Short;66.58582233897492;13.08.2025 9:15;13.08.2025 9:15;0;120045.8;0;0;0;0;Filtered;Filtered;Secondary TF Filter: Recent bull cross at RSI_SMA=56.89;1;;;;;
BTCUSDT;Short;65.5312878033338;13.08.2025 11:15;13.08.2025 11:15;0;120506.1;0;0;0;0;Filtered;Filtered;Secondary TF Filter: Recent bull cross at RSI_SMA=56.89;1;;;;;
BTCUSDT;Short;59.74517746213789;13.08.2025 14:20;13.08.2025 14:20;0;121519.2;0;0;0;0;Filtered;Filtered;Weak Entry Signal;1;;;;;
BTCUSDT;Short;60.20254829871105;13.08.2025 20:00;13.08.2025 20:00;0;122457.4;0;0;0;0;Filtered;Filtered;Weak Entry Signal;1;;;;;
BTCUSDT;Short;64.28098257106157;13.08.2025 20:15;13.08.2025 20:15;0;122745.1;0;0;0;0;Filtered;Filtered;Weak Entry Signal;1;;;;;
BTCUSDT;Long;30.784038513011453;14.08.2025 6:30;14.08.2025 6:30;0;121791.5;0;0;0;0;Filtered;Filtered;Secondary TF Filter: Recent bear cross at RSI_SMA=70.27;1;;;;;
BTCUSDT;Long;36.373468389602216;14.08.2025 13:05;14.08.2025 13:05;0;118940.1;0;0;0;0;Filtered;Filtered;Weak Entry Signal;1;;;;;
BTCUSDT;Long;35.575508234629226;14.08.2025 13:30;14.08.2025 13:30;0;118405.5;0;0;0;0;Filtered;Filtered;Weak Entry Signal;1;;;;;
BTCUSDT;Short;57.76945563073339;14.08.2025 23:50;14.08.2025 23:50;0;118412.1;0;0;0;0;Filtered;Filtered;Weak Entry Signal;1;;;;;
BTCUSDT;Short;58.161383044337846;15.08.2025 2:30;15.08.2025 2:30;0;118681.9;0;0;0;0;Filtered;Filtered;Weak Entry Signal;1;;;;;
BTCUSDT;Short;59.84302499890438;15.08.2025 2:45;15.08.2025 2:45;0;118772.7;0;0;0;0;Filtered;Filtered;Weak Entry Signal;1;;;;;
BTCUSDT;Short;59.250779868904814;15.08.2025 3:15;15.08.2025 3:15;0;118825.1;0;0;0;0;Filtered;Filtered;Weak Entry Signal;1;;;;;
BTCUSDT;Short;58.93143914548213;15.08.2025 3:45;15.08.2025 3:45;0;118929.8;0;0;0;0;Filtered;Filtered;Weak Entry Signal;1;;;;;
BTCUSDT;Long;35.91989338490991;15.08.2025 14:00;15.08.2025 14:00;0;118067.9;0;0;0;0;Filtered;Filtered;Weak Entry Signal;1;;;;;
BTCUSDT;Long;35.92759816711232;15.08.2025 15:10;15.08.2025 15:10;0;117353.7;0;0;0;0;Filtered;Filtered;Weak Entry Signal;1;;;;;
BTCUSDT;Long;38.93236401844217;15.08.2025 15:30;15.08.2025 15:30;0;117263.0;0;0;0;0;Filtered;Filtered;Weak Entry Signal;1;;;;;
BTCUSDT;Short;59.79572666926094;16.08.2025 1:15;16.08.2025 1:15;0;117674.4;0;0;0;0;Filtered;Filtered;Weak Entry Signal;1;;;;;
BTCUSDT;Short;64.10134918886625;16.08.2025 1:55;16.08.2025 1:55;0;117820.6;0;0;0;0;Filtered;Filtered;Weak Entry Signal;1;;;;;
BTCUSDT;Long;44.55362210663596;16.08.2025 10:45;16.08.2025 10:45;0;117392.6;0;0;0;0;Filtered;Filtered;Weak Entry Signal;1;;;;;
BTCUSDT;Short;59.56456907739271;16.08.2025 13:20;16.08.2025 13:20;0;117705.0;0;0;0;0;Filtered;Filtered;Weak Entry Signal;1;;;;;
BTCUSDT;Long;41.90198633920398;16.08.2025 22:15;16.08.2025 22:15;0;117460.7;0;0;0;0;Filtered;Filtered;Weak Entry Signal;1;;;;;
BTCUSDT;Short;61.42092881649909;17.08.2025 3:55;17.08.2025 3:55;0;117683.4;0;0;0;0;Filtered;Filtered;Weak Entry Signal;1;;;;;
BTCUSDT;Short;62.57887388326221;17.08.2025 4:10;17.08.2025 4:10;0;117717.8;0;0;0;0;Filtered;Filtered;Weak Entry Signal;1;;;;;
BTCUSDT;Short;65.7391475722948;17.08.2025 4:35;17.08.2025 4:35;0;117775.9;0;0;0;0;Filtered;Filtered;Weak Entry Signal;1;;;;;
BTCUSDT;Short;68.4229287634187;17.08.2025 5:25;17.08.2025 5:25;0;118131.8;0;0;0;0;Filtered;Filtered;Secondary TF Filter: Recent bull cross at RSI_SMA=51.10;1;;;;;
BTCUSDT;Short;59.232323899485806;17.08.2025 9:30;17.08.2025 9:30;0;118289.5;0;0;0;0;Filtered;Filtered;Weak Entry Signal;1;;;;;
BTCUSDT;Long;36.66930429207297;17.08.2025 17:20;17.08.2025 17:20;0;117807.5;0;0;0;0;Filtered;Filtered;Weak Entry Signal;1;;;;;
BTCUSDT;Long;41.425428822187236;18.08.2025 0:05;18.08.2025 0:05;0;117533.9;0;0;0;0;Filtered;Filtered;Weak Entry Signal;1;;;;;
BTCUSDT;Long;38.79880878740433;18.08.2025 0:20;18.08.2025 0:20;0;117413.8;0;0;0;0;Filtered;Filtered;Weak Entry Signal;1;;;;;
BTCUSDT;Long;36.38924204878113;18.08.2025 0:35;18.08.2025 0:35;0;117238.7;0;0;0;0;Filtered;Filtered;Weak Entry Signal;1;;;;;
BTCUSDT;Long;32.11993380360714;18.08.2025 2:35;18.08.2025 2:35;0;116083.0;0;0;0;0;Filtered;Filtered;Secondary TF Filter: Downtrend: avg_sma_change=-2.62, no_rsi_extreme=True;1;;;;;
BTCUSDT;Long;34.683839618606726;18.08.2025 3:50;18.08.2025 3:50;0;115333.7;0;0;0;0;Filtered;Filtered;Secondary TF Filter: Downtrend: avg_sma_change=-2.97, no_rsi_extreme=True;1;;;;;
BTCUSDT;Short;63.80188318762327;18.08.2025 13:35;18.08.2025 13:35;0;115606.8;0;0;0;0;Filtered;Filtered;Weak Entry Signal;1;;;;;
BTCUSDT;Short;61.38571949635043;18.08.2025 16:20;18.08.2025 16:20;0;116057.8;0;0;0;0;Filtered;Filtered;Weak Entry Signal;1;;;;;
BTCUSDT;Short;59.35232328875079;18.08.2025 17:45;18.08.2025 17:45;0;116430.1;0;0;0;0;Filtered;Filtered;Weak Entry Signal;1;;;;;
BTCUSDT;Long;39.141500391239276;18.08.2025 23:50;18.08.2025 23:50;0;116248.3;0;0;0;0;Filtered;Filtered;Weak Entry Signal;1;;;;;
BTCUSDT;Long;36.94001427293975;19.08.2025 0:35;19.08.2025 0:35;0;116059.7;0;0;0;0;Filtered;Filtered;Weak Entry Signal;1;;;;;
BTCUSDT;Long;40.97840237213496;19.08.2025 2:25;19.08.2025 2:25;0;115820.0;0;0;0;0;Filtered;Filtered;Weak Entry Signal;1;;;;;
BTCUSDT;Long;40.50438899729243;19.08.2025 3:15;19.08.2025 3:15;0;115667.4;0;0;0;0;Filtered;Filtered;Weak Entry Signal;1;;;;;
BTCUSDT;Long;29.505930786650325;19.08.2025 4:10;19.08.2025 4:10;19.08.2025 9:55;114758.3;115322.1;0,49129344;Тра.75;111315.551;Profit;Reverse Signal (Short);;0;;;;;
BTCUSDT;Short;56.318366637153375;19.08.2025 9:45;19.08.2025 9:45;0;115309.6;0;0;0;0;Filtered;Filtered;Weak Entry Signal;1;;;;;
BTCUSDT;Short;57.949968090327815;19.08.2025 10:10;19.08.2025 10:10;0;115397.6;0;0;0;0;Filtered;Filtered;Weak Entry Signal;1;;;;;
BTCUSDT;Short;54.19599511553155;19.08.2025 10:30;19.08.2025 10:30;0;115381.3;0;0;0;0;Filtered;Filtered;Weak Entry Signal;1;;;;;
BTCUSDT;Long;29.939392205732176;19.08.2025 15:15;19.08.2025 15:15;0;113777.3;0;0;0;0;Filtered;Filtered;Secondary TF Filter: Downtrend: avg_sma_change=-2.06, no_rsi_extreme=True;1;;;;;
BTCUSDT;Long;37.86110592438114;19.08.2025 16:15;19.08.2025 16:15;0;113755.4;0;0;0;0;Filtered;Filtered;Weak Entry Signal;1;;;;;
BTCUSDT;Long;40.32227644638031;19.08.2025 18:50;19.08.2025 18:50;0;113131.0;0;0;0;0;Filtered;Filtered;Weak Entry Signal;1;;;;;
BTCUSDT;Long;47.03835550452346;19.08.2025 23:30;19.08.2025 23:30;0;113107.2;0;0;0;0;Filtered;Filtered;Weak Entry Signal;1;;;;;
BTCUSDT;Long;40.08235945529286;19.08.2025 23:55;19.08.2025 23:55;0;112871.8;0;0;0;0;Filtered;Filtered;Weak Entry Signal;1;;;;;
BTCUSDT;Short;59.74649243798452;20.08.2025 3:35;20.08.2025 3:35;0;113539.9;0;0;0;0;Filtered;Filtered;Weak Entry Signal;1;;;;;
BTCUSDT;Short;51.69465342310748;20.08.2025 4:35;20.08.2025 4:35;0;113525.0;0;0;0;0;Filtered;Filtered;Weak Entry Signal;1;;;;;
BTCUSDT;Long;34.99212705333164;20.08.2025 14:10;20.08.2025 14:10;0;112705.1;0;0;0;0;Filtered;Filtered;Weak Entry Signal;1;;;;;
BTCUSDT;Short;59.56702727181086;20.08.2025 15:35;20.08.2025 15:35;0;114025.4;0;0;0;0;Filtered;Filtered;Weak Entry Signal;1;;;;;
BTCUSDT;Long;43.18665237533244;21.08.2025 5:15;21.08.2025 5:15;0;113803.7;0;0;0;0;Filtered;Filtered;Weak Entry Signal;1;;;;;
BTCUSDT;Long;42.62630246022087;21.08.2025 10:05;21.08.2025 10:05;0;113435.6;0;0;0;0;Filtered;Filtered;Weak Entry Signal;1;;;;;
BTCUSDT;Long;36.28438592263735;21.08.2025 17:30;21.08.2025 17:30;0;112336.3;0;0;0;0;Filtered;Filtered;Weak Entry Signal;1;;;;;
BTCUSDT;Short;65.50251151049946;22.08.2025 2:40;22.08.2025 2:40;0;113298.0;0;0;0;0;Filtered;Filtered;Weak Entry Signal;1;;;;;
BTCUSDT;Long;37.71907201236272;22.08.2025 11:00;22.08.2025 11:00;0;112609.4;0;0;0;0;Filtered;Filtered;Weak Entry Signal;1;;;;;
BTCUSDT;Long;29.591787257769127;22.08.2025 11:40;22.08.2025 11:40;22.08.2025 15:10;112244.2;116635.8;3,912540693;03.Тра;108876.874;Profit;Reverse Signal (Short);;0;;;;;
BTCUSDT;Short;75.21093669111534;22.08.2025 14:55;22.08.2025 14:55;0;115797.4;0;0;0;0;Filtered;Filtered;Secondary TF Filter: Recent bull cross at RSI_SMA=53.83;1;;;;;
BTCUSDT;Short;79.47230343498526;22.08.2025 15:20;22.08.2025 15:20;0;116802.8;0;0;0;0;Filtered;Filtered;Secondary TF Filter: Recent bull cross at RSI_SMA=53.83;1;;;;;
BTCUSDT;Short;69.16933020355953;22.08.2025 15:50;22.08.2025 15:50;0;116659.0;0;0;0;0;Filtered;Filtered;Secondary TF Filter: Recent bull cross at RSI_SMA=53.83;1;;;;;
BTCUSDT;Long;30.90323233767485;23.08.2025 2:40;23.08.2025 2:40;0;115852.2;0;0;0;0;Filtered;Filtered;Weak Entry Signal;1;;;;;
BTCUSDT;Long;35.98220325713123;23.08.2025 3:50;23.08.2025 3:50;0;115587.8;0;0;0;0;Filtered;Filtered;Weak Entry Signal;1;;;;;
BTCUSDT;Long;41.82663754673837;23.08.2025 12:10;23.08.2025 12:10;0;115408.4;0;0;0;0;Filtered;Filtered;Weak Entry Signal;1;;;;;
BTCUSDT;Long;40.339567473525804;23.08.2025 13:45;23.08.2025 13:45;0;115060.5;0;0;0;0;Filtered;Filtered;Weak Entry Signal;1;;;;;
BTCUSDT;Long;37.10280626056063;24.08.2025 3:45;24.08.2025 3:45;0;115009.2;0;0;0;0;Filtered;Filtered;Weak Entry Signal;1;;;;;
BTCUSDT;Long;34.972709413847184;24.08.2025 20:15;24.08.2025 20:15;0;112582.9;0;0;0;0;Filtered;Filtered;Weak Entry Signal;1;;;;;
BTCUSDT;Long;37.32772702774424;25.08.2025 4:45;25.08.2025 4:45;0;112795.9;0;0;0;0;Filtered;Filtered;Weak Entry Signal;1;;;;;
BTCUSDT;Long;36.07178495311653;25.08.2025 5:15;25.08.2025 5:15;0;112633.5;0;0;0;0;Filtered;Filtered;Weak Entry Signal;1;;;;;
BTCUSDT;Long;35.13843607123465;25.08.2025 5:40;25.08.2025 5:40;0;112516.5;0;0;0;0;Filtered;Filtered;Weak Entry Signal;1;;;;;
BTCUSDT;Long;33.531792436223256;25.08.2025 6:15;25.08.2025 6:15;0;112361.1;0;0;0;0;Filtered;Filtered;Weak Entry Signal;1;;;;;
BTCUSDT;Long;30.627334948062582;25.08.2025 7:00;25.08.2025 7:00;25.08.2025 13:25;111990.6;111663.5;-0,292078085;6.416666666666667;108630.882;Loss;Reverse Signal (Short);;0;;;;;
BTCUSDT;Long;31.57684240242645;25.08.2025 7:35;25.08.2025 7:35;25.08.2025 13:25;111772.0;111663.5;-0,097072612;5.833333333333333;108418.84;Loss;Reverse Signal (Short);;0;;;;;
BTCUSDT;Long;31.80979083337904;25.08.2025 7:55;25.08.2025 7:55;0;111522.1;0;0;0;0;Filtered;Filtered;Weak Entry Signal;1;;;;;
BTCUSDT;Long;42.578248184506826;25.08.2025 8:10;25.08.2025 8:10;0;111624.5;0;0;0;0;Filtered;Filtered;Weak Entry Signal;1;;;;;
BTCUSDT;Short;60.92085827370322;25.08.2025 15:35;25.08.2025 15:35;0;112374.7;0;0;0;0;Filtered;Filtered;Weak Entry Signal;1;;;;;
BTCUSDT;Short;55.909149176604025;25.08.2025 16:50;25.08.2025 16:50;0;112564.8;0;0;0;0;Filtered;Filtered;Weak Entry Signal;1;;;;;
BTCUSDT;Long;31.370794561505548;25.08.2025 20:15;25.08.2025 20:15;0;110432.3;0;0;0;0;Filtered;Filtered;Weak Entry Signal;1;;;;;
BTCUSDT;Long;34.49563078467462;25.08.2025 20:40;25.08.2025 20:40;25.08.2025 22:45;109944.0;110351.2;0,37037037;2.0833333333333335;106645.68;Profit;Reverse Signal (Short);;0;;;;;
BTCUSDT;Short;58.313666594149346;26.08.2025 5:50;26.08.2025 5:50;0;110252.2;0;0;0;0;Filtered;Filtered;Weak Entry Signal;1;;;;;
BTCUSDT;Long;43.58253899418532;26.08.2025 11:55;26.08.2025 11:55;0;109878.1;0;0;0;0;Filtered;Filtered;Weak Entry Signal;1;;;;;
BTCUSDT;Long;34.06770462384925;26.08.2025 12:10;26.08.2025 12:10;0;109632.0;0;0;0;0;Filtered;Filtered;Weak Entry Signal;1;;;;;
BTCUSDT;Short;62.57332435902684;26.08.2025 19:00;26.08.2025 19:00;0;110609.9;0;0;0;0;Filtered;Filtered;Weak Entry Signal;1;;;;;
BTCUSDT;Short;66.86074187728408;26.08.2025 19:30;26.08.2025 19:30;0;110981.5;0;0;0;0;Filtered;Filtered;Weak Entry Signal;1;;;;;
BTCUSDT;Short;60.76832376354415;26.08.2025 20:00;26.08.2025 20:00;0;110976.2;0;0;0;0;Filtered;Filtered;Weak Entry Signal;1;;;;;
BTCUSDT;Short;66.14785285763708;26.08.2025 20:15;26.08.2025 20:15;0;111225.4;0;0;0;0;Filtered;Filtered;Weak Entry Signal;1;;;;;
BTCUSDT;Short;63.17283260035153;26.08.2025 20:35;26.08.2025 20:35;0;111224.8;0;0;0;0;Filtered;Filtered;Weak Entry Signal;1;;;;;
BTCUSDT;Short;65.09380610823683;26.08.2025 20:55;26.08.2025 20:55;0;111325.7;0;0;0;0;Filtered;Filtered;Weak Entry Signal;1;;;;;
BTCUSDT;Long;37.46630372532155;27.08.2025 1:45;27.08.2025 1:45;0;111212.0;0;0;0;0;Filtered;Filtered;Weak Entry Signal;1;;;;;
BTCUSDT;Long;37.051391534268;27.08.2025 2:10;27.08.2025 2:10;0;111149.2;0;0;0;0;Filtered;Filtered;Weak Entry Signal;1;;;;;
BTCUSDT;Long;31.045204802555773;27.08.2025 8:05;27.08.2025 8:05;0;110753.3;0;0;0;0;Filtered;Filtered;Weak Entry Signal;1;;;;;
BTCUSDT;Long;29.30157953593006;27.08.2025 8:20;27.08.2025 8:20;27.08.2025 10:10;110680.1;111086.2;0,366913293;1.8333333333333333;107359.697;Profit;Reverse Signal (Short);;0;;;;;
BTCUSDT;Long;29.19907238992738;27.08.2025 8:35;27.08.2025 8:35;27.08.2025 10:10;110569.5;111086.2;0,467307892;1.5833333333333333;107252.415;Profit;Reverse Signal (Short);;0;;;;;
BTCUSDT;Short;56.44962929803695;27.08.2025 14:40;27.08.2025 14:40;0;111924.6;0;0;0;0;Filtered;Filtered;Weak Entry Signal;1;;;;;
BTCUSDT;Short;62.45488499614012;27.08.2025 18:25;27.08.2025 18:25;0;112479.3;0;0;0;0;Filtered;Filtered;Weak Entry Signal;1;;;;;
BTCUSDT;Long;39.03900387777199;27.08.2025 22:20;27.08.2025 22:20;0;111350.4;0;0;0;0;Filtered;Filtered;Weak Entry Signal;1;;;;;
BTCUSDT;Short;73.85567567143757;28.08.2025 5:10;28.08.2025 5:10;0;112922.9;0;0;0;0;Filtered;Filtered;Secondary TF Filter: Recent bull cross at RSI_SMA=60.90;1;;;;;
BTCUSDT;Short;60.833837382370895;28.08.2025 6:45;28.08.2025 6:45;0;112963.1;0;0;0;0;Filtered;Filtered;Weak Entry Signal;1;;;;;
ETHUSDT;Long;34.13381710985678;29.07.2025 15:45;29.07.2025 15:45;30.07.2025 2:40;3767.4;3816.31;1,29824282;10.916666666666666;3654.378;Profit;Reverse Signal (Short);;0;;;;;
ETHUSDT;Long;30.59450177908407;29.07.2025 16:25;29.07.2025 16:25;0;3747.25;0;0;0;0;Filtered;Filtered;Weak Entry Signal;1;;;;;
ETHUSDT;Long;34.19069659495098;29.07.2025 16:40;29.07.2025 16:40;0;3737.51;0;0;0;0;Filtered;Filtered;Weak Entry Signal;1;;;;;
ETHUSDT;Short;52.19744000002838;29.07.2025 23:40;29.07.2025 23:40;0;3785.96;0;0;0;0;Filtered;Filtered;Weak Entry Signal;1;;;;;
ETHUSDT;Long;44.26778456299381;30.07.2025 10:00;30.07.2025 10:00;0;3794.96;0;0;0;0;Filtered;Filtered;Weak Entry Signal;1;;;;;
ETHUSDT;Long;38.58050113909738;30.07.2025 11:55;30.07.2025 11:55;0;3758.34;0;0;0;0;Filtered;Filtered;Weak Entry Signal;1;;;;;
ETHUSDT;Short;54.89432432491811;30.07.2025 15:05;30.07.2025 15:05;0;3793.69;0;0;0;0;Filtered;Filtered;Weak Entry Signal;1;;;;;
ETHUSDT;Long;36.50060806697246;30.07.2025 19:30;30.07.2025 19:30;0;3725.71;0;0;0;0;Filtered;Filtered;Weak Entry Signal;1;;;;;
ETHUSDT;Short;64.96881971169702;31.07.2025 0:00;31.07.2025 0:00;0;3803.97;0;0;0;0;Filtered;Filtered;Weak Entry Signal;1;;;;;
ETHUSDT;Short;69.5904939691533;31.07.2025 1:05;31.07.2025 1:05;0;3837.82;0;0;0;0;Filtered;Filtered;Secondary TF Filter: Recent bull cross at RSI_SMA=45.84;1;;;;;
ETHUSDT;Short;62.2170871705908;31.07.2025 3:15;31.07.2025 3:15;0;3858.75;0;0;0;0;Filtered;Filtered;Weak Entry Signal;1;;;;;
ETHUSDT;Long;39.058484337976815;31.07.2025 11:55;31.07.2025 11:55;0;3838.48;0;0;0;0;Filtered;Filtered;Weak Entry Signal;1;;;;;
ETHUSDT;Long;42.74446756514304;31.07.2025 12:35;31.07.2025 12:35;0;3833.17;0;0;0;0;Filtered;Filtered;Weak Entry Signal;1;;;;;
ETHUSDT;Long;40.522931515657035;31.07.2025 13:35;31.07.2025 13:35;0;3807.87;0;0;0;0;Filtered;Filtered;Weak Entry Signal;1;;;;;
ETHUSDT;Long;37.28628645979329;31.07.2025 14:45;31.07.2025 14:45;0;3781.26;0;0;0;0;Filtered;Filtered;Weak Entry Signal;1;;;;;
ETHUSDT;Long;36.08725151775625;31.07.2025 15:00;31.07.2025 15:00;0;3774.02;0;0;0;0;Filtered;Filtered;Weak Entry Signal;1;;;;;
ETHUSDT;Long;38.93319497073266;31.07.2025 22:50;31.07.2025 22:50;0;3711.05;0;0;0;0;Filtered;Filtered;Weak Entry Signal;1;;;;;
ETHUSDT;Long;37.81742724967572;01.08.2025 7:15;01.08.2025 7:15;0;3649.27;0;0;0;0;Filtered;Filtered;Weak Entry Signal;1;;;;;
ETHUSDT;Long;38.17976995463383;01.08.2025 7:40;01.08.2025 7:40;0;3638.7;0;0;0;0;Filtered;Filtered;Weak Entry Signal;1;;;;;
ETHUSDT;Long;37.78865800159955;01.08.2025 8:15;01.08.2025 8:15;0;3622.05;0;0;0;0;Filtered;Filtered;Weak Entry Signal;1;;;;;
ETHUSDT;Short;60.62849719216229;01.08.2025 12:55;01.08.2025 12:55;0;3663.04;0;0;0;0;Filtered;Filtered;Weak Entry Signal;1;;;;;
ETHUSDT;Long;38.280046354098126;01.08.2025 17:45;01.08.2025 17:45;0;3573.17;0;0;0;0;Filtered;Filtered;Weak Entry Signal;1;;;;;
ETHUSDT;Long;38.46466717078899;01.08.2025 18:05;01.08.2025 18:05;0;3563.22;0;0;0;0;Filtered;Filtered;Weak Entry Signal;1;;;;;
ETHUSDT;Long;37.24038703909721;01.08.2025 18:20;01.08.2025 18:20;0;3552.19;0;0;0;0;Filtered;Filtered;Weak Entry Signal;1;;;;;
ETHUSDT;Long;40.683728340954744;01.08.2025 23:05;01.08.2025 23:05;0;3475.88;0;0;0;0;Filtered;Filtered;Weak Entry Signal;1;;;;;
ETHUSDT;Short;61.12079181982968;02.08.2025 3:15;02.08.2025 3:15;0;3527.48;0;0;0;0;Filtered;Filtered;Weak Entry Signal;1;;;;;
ETHUSDT;Long;33.19655607669503;02.08.2025 6:45;02.08.2025 6:45;0;3476.25;0;0;0;0;Filtered;Filtered;Weak Entry Signal;1;;;;;
ETHUSDT;Long;26.47719007802047;02.08.2025 18:55;02.08.2025 18:55;03.08.2025 1:55;3383.44;3413.67;0,893469368;7.0;3281.9368;Profit;Reverse Signal (Short);;0;;;;;
ETHUSDT;Short;64.06597481580678;03.08.2025 3:15;03.08.2025 3:15;0;3441.65;0;0;0;0;Filtered;Filtered;Weak Entry Signal;1;;;;;
ETHUSDT;Short;65.0869843896129;03.08.2025 3:50;03.08.2025 3:50;0;3448.22;0;0;0;0;Filtered;Filtered;Weak Entry Signal;1;;;;;
ETHUSDT;Short;64.33292869880387;03.08.2025 11:25;03.08.2025 11:25;0;3498.14;0;0;0;0;Filtered;Filtered;Secondary TF Filter: Uptrend: avg_sma_change=2.11, no_rsi_extreme=True;1;;;;;
ETHUSDT;Long;39.274616445199534;03.08.2025 15:15;03.08.2025 15:15;0;3466.12;0;0;0;0;Filtered;Filtered;Weak Entry Signal;1;;;;;
ETHUSDT;Long;43.71408851548694;03.08.2025 15:35;03.08.2025 15:35;0;3465.94;0;0;0;0;Filtered;Filtered;Weak Entry Signal;1;;;;;
ETHUSDT;Short;55.49712159970499;03.08.2025 19:40;03.08.2025 19:40;0;3500.55;0;0;0;0;Filtered;Filtered;Weak Entry Signal;1;;;;;
ETHUSDT;Short;63.524092307889866;04.08.2025 1:15;04.08.2025 1:15;0;3536.27;0;0;0;0;Filtered;Filtered;Weak Entry Signal;1;;;;;
ETHUSDT;Short;69.5657217355041;04.08.2025 1:35;04.08.2025 1:35;04.08.2025 5:45;3549.06;3528.06;0,591705973;4.166666666666667;3655.5318;Profit;Reverse Signal (Long);;0;;;;;
ETHUSDT;Long;40.566885164025614;04.08.2025 5:50;04.08.2025 5:50;0;3532.09;0;0;0;0;Filtered;Filtered;Weak Entry Signal;1;;;;;
ETHUSDT;Long;43.4530718220318;04.08.2025 6:25;04.08.2025 6:25;0;3530.5;0;0;0;0;Filtered;Filtered;Weak Entry Signal;1;;;;;
ETHUSDT;Short;60.889749771553824;04.08.2025 8:20;04.08.2025 8:20;0;3557.13;0;0;0;0;Filtered;Filtered;Weak Entry Signal;1;;;;;
ETHUSDT;Short;71.1063695596212;04.08.2025 14:35;04.08.2025 14:35;0;3644.78;0;0;0;0;Filtered;Filtered;Secondary TF Filter: Recent bull cross at RSI_SMA=67.29;1;;;;;
ETHUSDT;Short;58.33871284786959;04.08.2025 21:20;04.08.2025 21:20;0;3707.1;0;0;0;0;Filtered;Filtered;Weak Entry Signal;1;;;;;
ETHUSDT;Short;61.72325851746374;04.08.2025 22:15;04.08.2025 22:15;0;3725.47;0;0;0;0;Filtered;Filtered;Weak Entry Signal;1;;;;;
ETHUSDT;Long;42.31386841274254;05.08.2025 1:20;05.08.2025 1:20;0;3697.91;0;0;0;0;Filtered;Filtered;Weak Entry Signal;1;;;;;
ETHUSDT;Long;42.02250940286411;05.08.2025 2:45;05.08.2025 2:45;0;3680.93;0;0;0;0;Filtered;Filtered;Weak Entry Signal;1;;;;;
ETHUSDT;Long;40.209408810226854;05.08.2025 4:45;05.08.2025 4:45;0;3650.0;0;0;0;0;Filtered;Filtered;Weak Entry Signal;1;;;;;
ETHUSDT;Short;68.31369569945956;05.08.2025 10:45;05.08.2025 10:45;0;3683.51;0;0;0;0;Filtered;Filtered;Weak Entry Signal;1;;;;;
ETHUSDT;Long;42.72940155493488;05.08.2025 13:15;05.08.2025 13:15;0;3635.1;0;0;0;0;Filtered;Filtered;Weak Entry Signal;1;;;;;
ETHUSDT;Long;36.48160055229661;05.08.2025 14:55;05.08.2025 14:55;0;3578.03;0;0;0;0;Filtered;Filtered;Weak Entry Signal;1;;;;;
ETHUSDT;Short;60.055541690033564;05.08.2025 23:50;05.08.2025 23:50;0;3611.65;0;0;0;0;Filtered;Filtered;Weak Entry Signal;1;;;;;
ETHUSDT;Long;40.50202382872765;06.08.2025 1:35;06.08.2025 1:35;0;3574.5;0;0;0;0;Filtered;Filtered;Weak Entry Signal;1;;;;;
ETHUSDT;Short;63.97539289892355;06.08.2025 5:50;06.08.2025 5:50;0;3635.51;0;0;0;0;Filtered;Filtered;Weak Entry Signal;1;;;;;
ETHUSDT;Short;59.12709488353264;06.08.2025 6:50;06.08.2025 6:50;0;3636.55;0;0;0;0;Filtered;Filtered;Weak Entry Signal;1;;;;;
ETHUSDT;Long;41.041632416892504;06.08.2025 13:10;06.08.2025 13:10;0;3592.86;0;0;0;0;Filtered;Filtered;Weak Entry Signal;1;;;;;
ETHUSDT;Short;60.827970519287845;06.08.2025 16:10;06.08.2025 16:10;0;3650.77;0;0;0;0;Filtered;Filtered;Weak Entry Signal;1;;;;;
ETHUSDT;Long;38.80919808363358;07.08.2025 3:30;07.08.2025 3:30;0;3655.98;0;0;0;0;Filtered;Filtered;Weak Entry Signal;1;;;;;
ETHUSDT;Short;58.61998554166734;07.08.2025 6:25;07.08.2025 6:25;0;3688.33;0;0;0;0;Filtered;Filtered;Weak Entry Signal;1;;;;;
ETHUSDT;Short;61.098494573326825;07.08.2025 6:50;07.08.2025 6:50;0;3698.0;0;0;0;0;Filtered;Filtered;Weak Entry Signal;1;;;;;
ETHUSDT;Short;60.42162122299988;07.08.2025 7:25;07.08.2025 7:25;0;3704.05;0;0;0;0;Filtered;Filtered;Weak Entry Signal;1;;;;;
ETHUSDT;Short;61.79867346911752;07.08.2025 8:35;07.08.2025 8:35;0;3718.76;0;0;0;0;Filtered;Filtered;Weak Entry Signal;1;;;;;
ETHUSDT;Short;56.688276198056414;07.08.2025 9:45;07.08.2025 9:45;0;3723.81;0;0;0;0;Filtered;Filtered;Weak Entry Signal;1;;;;;
ETHUSDT;Short;76.05015429103337;07.08.2025 11:00;07.08.2025 11:00;0;3818.0;0;0;0;0;Filtered;Filtered;Secondary TF Filter: Recent bull cross at RSI_SMA=62.56;1;;;;;
ETHUSDT;Short;68.82011568089546;07.08.2025 11:55;07.08.2025 11:55;0;3826.9;0;0;0;0;Filtered;Filtered;Secondary TF Filter: Recent bull cross at RSI_SMA=62.56;1;;;;;
ETHUSDT;Short;67.80614142870861;07.08.2025 12:20;07.08.2025 12:20;0;3831.56;0;0;0;0;Filtered;Filtered;Secondary TF Filter: Recent bull cross at RSI_SMA=62.56;1;;;;;
ETHUSDT;Short;63.14694387414748;07.08.2025 12:45;07.08.2025 12:45;0;3834.83;0;0;0;0;Filtered;Filtered;Secondary TF Filter: Uptrend: avg_sma_change=1.05, no_rsi_extreme=True;1;;;;;
ETHUSDT;Short;62.33052243671266;07.08.2025 20:00;07.08.2025 20:00;0;3856.24;0;0;0;0;Filtered;Filtered;Weak Entry Signal;1;;;;;
ETHUSDT;Short;64.31380578013196;07.08.2025 20:40;07.08.2025 20:40;0;3865.74;0;0;0;0;Filtered;Filtered;Weak Entry Signal;1;;;;;
ETHUSDT;Short;61.611195769710534;07.08.2025 21:05;07.08.2025 21:05;0;3868.35;0;0;0;0;Filtered;Filtered;Weak Entry Signal;1;;;;;
ETHUSDT;Long;40.47796352818232;08.08.2025 9:30;08.08.2025 9:30;0;3891.99;0;0;0;0;Filtered;Filtered;Weak Entry Signal;1;;;;;
ETHUSDT;Short;62.689402396469944;08.08.2025 14:10;08.08.2025 14:10;0;3967.0;0;0;0;0;Filtered;Filtered;Weak Entry Signal;1;;;;;
ETHUSDT;Short;71.43320976495278;08.08.2025 18:25;08.08.2025 18:25;0;4047.33;0;0;0;0;Filtered;Filtered;Secondary TF Filter: Recent bull cross at RSI_SMA=62.27;1;;;;;
ETHUSDT;Long;41.423755107205984;08.08.2025 23:20;08.08.2025 23:20;0;4025.48;0;0;0;0;Filtered;Filtered;Weak Entry Signal;1;;;;;
ETHUSDT;Long;39.254938506121626;09.08.2025 0:10;09.08.2025 0:10;0;4012.6;0;0;0;0;Filtered;Filtered;Weak Entry Signal;1;;;;;
ETHUSDT;Short;64.6763346820106;09.08.2025 4:50;09.08.2025 4:50;0;4076.2;0;0;0;0;Filtered;Filtered;Weak Entry Signal;1;;;;;
ETHUSDT;Short;75.44200797294738;09.08.2025 5:35;09.08.2025 5:35;0;4178.1;0;0;0;0;Filtered;Filtered;Secondary TF Filter: Uptrend: avg_sma_change=0.83, no_rsi_extreme=True;1;;;;;
ETHUSDT;Short;72.59250205983257;09.08.2025 5:50;09.08.2025 5:50;0;4181.34;0;0;0;0;Filtered;Filtered;Secondary TF Filter: Uptrend: avg_sma_change=0.83, no_rsi_extreme=True;1;;;;;
ETHUSDT;Short;59.939615871256215;09.08.2025 18:55;09.08.2025 18:55;0;4242.59;0;0;0;0;Filtered;Filtered;Weak Entry Signal;1;;;;;
ETHUSDT;Short;60.20933276663804;09.08.2025 19:15;09.08.2025 19:15;0;4246.13;0;0;0;0;Filtered;Filtered;Weak Entry Signal;1;;;;;
ETHUSDT;Short;59.980590200539446;09.08.2025 19:30;09.08.2025 19:30;0;4248.7;0;0;0;0;Filtered;Filtered;Weak Entry Signal;1;;;;;
ETHUSDT;Short;62.471914472279686;09.08.2025 19:55;09.08.2025 19:55;0;4258.86;0;0;0;0;Filtered;Filtered;Weak Entry Signal;1;;;;;
ETHUSDT;Short;62.45324948592185;09.08.2025 20:30;09.08.2025 20:30;0;4268.7;0;0;0;0;Filtered;Filtered;Weak Entry Signal;1;;;;;
ETHUSDT;Short;65.7042747730286;09.08.2025 20:45;09.08.2025 20:45;0;4277.91;0;0;0;0;Filtered;Filtered;Weak Entry Signal;1;;;;;
ETHUSDT;Short;64.29817500424078;09.08.2025 21:00;09.08.2025 21:00;0;4283.91;0;0;0;0;Filtered;Filtered;Weak Entry Signal;1;;;;;
ETHUSDT;Short;54.172331236986;10.08.2025 1:45;10.08.2025 1:45;0;4302.92;0;0;0;0;Filtered;Filtered;Weak Entry Signal;1;;;;;
ETHUSDT;Long;37.32831595023959;10.08.2025 3:40;10.08.2025 3:40;0;4236.54;0;0;0;0;Filtered;Filtered;Weak Entry Signal;1;;;;;
ETHUSDT;Long;40.989429770666575;10.08.2025 6:25;10.08.2025 6:25;0;4215.8;0;0;0;0;Filtered;Filtered;Weak Entry Signal;1;;;;;
ETHUSDT;Long;44.14500993413015;10.08.2025 8:10;10.08.2025 8:10;0;4192.0;0;0;0;0;Filtered;Filtered;Weak Entry Signal;1;;;;;
ETHUSDT;Short;61.00535881390855;10.08.2025 15:15;10.08.2025 15:15;0;4223.46;0;0;0;0;Filtered;Filtered;Weak Entry Signal;1;;;;;
ETHUSDT;Short;58.11254869092806;10.08.2025 19:55;10.08.2025 19:55;0;4248.85;0;0;0;0;Filtered;Filtered;Weak Entry Signal;1;;;;;
ETHUSDT;Short;57.873673987988305;11.08.2025 0:45;11.08.2025 0:45;0;4261.88;0;0;0;0;Filtered;Filtered;Weak Entry Signal;1;;;;;
ETHUSDT;Short;64.35797302008837;11.08.2025 1:45;11.08.2025 1:45;0;4302.69;0;0;0;0;Filtered;Filtered;Weak Entry Signal;1;;;;;
ETHUSDT;Short;63.68943251221758;11.08.2025 2:05;11.08.2025 2:05;0;4315.23;0;0;0;0;Filtered;Filtered;Weak Entry Signal;1;;;;;
ETHUSDT;Long;41.68075222999055;11.08.2025 8:10;11.08.2025 8:10;0;4274.38;0;0;0;0;Filtered;Filtered;Weak Entry Signal;1;;;;;
ETHUSDT;Long;41.9374415514975;11.08.2025 10:25;11.08.2025 10:25;0;4260.39;0;0;0;0;Filtered;Filtered;Weak Entry Signal;1;;;;;
ETHUSDT;Long;28.749103596122126;11.08.2025 11:30;11.08.2025 11:30;11.08.2025 14:35;4207.6;4288.72;1,927939918;3.0833333333333335;4081.3720000000003;Profit;Reverse Signal (Short);;0;;;;;
ETHUSDT;Long;28.69009270673844;11.08.2025 12:00;11.08.2025 12:00;11.08.2025 14:35;4189.89;4288.72;2,358773142;2.5833333333333335;4064.1933000000004;Profit;Reverse Signal (Short);;0;;;;;
ETHUSDT;Short;61.41572495116923;11.08.2025 14:20;11.08.2025 14:20;0;4270.92;0;0;0;0;Filtered;Filtered;Weak Entry Signal;1;;;;;
ETHUSDT;Short;63.32777488345746;11.08.2025 14:35;11.08.2025 14:35;0;4288.72;0;0;0;0;Filtered;Filtered;Weak Entry Signal;1;;;;;
ETHUSDT;Short;66.46747853975137;11.08.2025 16:20;11.08.2025 16:20;0;4343.24;0;0;0;0;Filtered;Filtered;Weak Entry Signal;1;;;;;
ETHUSDT;Long;41.247551986673884;11.08.2025 20:35;11.08.2025 20:35;0;4251.06;0;0;0;0;Filtered;Filtered;Weak Entry Signal;1;;;;;
ETHUSDT;Long;39.19880968262103;11.08.2025 21:55;11.08.2025 21:55;0;4219.7;0;0;0;0;Filtered;Filtered;Weak Entry Signal;1;;;;;
ETHUSDT;Long;35.662766913328284;11.08.2025 22:10;11.08.2025 22:10;0;4205.0;0;0;0;0;Filtered;Filtered;Weak Entry Signal;1;;;;;
ETHUSDT;Long;38.26008987968929;11.08.2025 22:25;11.08.2025 22:25;0;4204.18;0;0;0;0;Filtered;Filtered;Weak Entry Signal;1;;;;;
ETHUSDT;Short;61.666717684112626;12.08.2025 1:30;12.08.2025 1:30;0;4275.16;0;0;0;0;Filtered;Filtered;Weak Entry Signal;1;;;;;
ETHUSDT;Short;57.06995566427658;12.08.2025 2:55;12.08.2025 2:55;0;4291.92;0;0;0;0;Filtered;Filtered;Weak Entry Signal;1;;;;;
ETHUSDT;Short;73.5157949565998;12.08.2025 13:30;12.08.2025 13:30;0;4418.17;0;0;0;0;Filtered;Filtered;Secondary TF Filter: Uptrend: avg_sma_change=1.12, no_rsi_extreme=True;1;;;;;
ETHUSDT;Short;61.23667393430757;12.08.2025 15:10;12.08.2025 15:10;0;4417.5;0;0;0;0;Filtered;Filtered;Weak Entry Signal;1;;;;;
ETHUSDT;Short;67.59562001878426;12.08.2025 16:10;12.08.2025 16:10;0;4467.02;0;0;0;0;Filtered;Filtered;Weak Entry Signal;1;;;;;
ETHUSDT;Short;70.5054498140709;12.08.2025 21:00;12.08.2025 21:00;0;4608.3;0;0;0;0;Filtered;Filtered;Secondary TF Filter: Uptrend: avg_sma_change=1.59, no_rsi_extreme=True;1;;;;;
ETHUSDT;Short;64.07676261308033;13.08.2025 4:25;13.08.2025 4:25;0;4660.93;0;0;0;0;Filtered;Filtered;Weak Entry Signal;1;;;;;
ETHUSDT;Short;66.55386486178547;13.08.2025 4:40;13.08.2025 4:40;0;4671.76;0;0;0;0;Filtered;Filtered;Weak Entry Signal;1;;;;;
ETHUSDT;Short;66.53472473355396;13.08.2025 10:20;13.08.2025 10:20;0;4692.74;0;0;0;0;Filtered;Filtered;Weak Entry Signal;1;;;;;
ETHUSDT;Short;56.637275661774694;13.08.2025 17:30;13.08.2025 17:30;0;4714.78;0;0;0;0;Filtered;Filtered;Weak Entry Signal;1;;;;;
ETHUSDT;Short;60.354212804894885;14.08.2025 3:50;14.08.2025 3:50;0;4767.01;0;0;0;0;Filtered;Filtered;Weak Entry Signal;1;;;;;
ETHUSDT;Short;59.720878794489025;14.08.2025 4:10;14.08.2025 4:10;0;4771.99;0;0;0;0;Filtered;Filtered;Weak Entry Signal;1;;;;;
ETHUSDT;Short;58.408557203508536;14.08.2025 4:25;14.08.2025 4:25;0;4774.8;0;0;0;0;Filtered;Filtered;Weak Entry Signal;1;;;;;
ETHUSDT;Long;41.77738214803909;14.08.2025 11:35;14.08.2025 11:35;0;4705.35;0;0;0;0;Filtered;Filtered;Weak Entry Signal;1;;;;;
ETHUSDT;Long;41.182000014828674;14.08.2025 13:10;14.08.2025 13:10;0;4583.82;0;0;0;0;Filtered;Filtered;Weak Entry Signal;1;;;;;
ETHUSDT;Long;44.368816349206966;14.08.2025 16:50;14.08.2025 16:50;0;4564.6;0;0;0;0;Filtered;Filtered;Weak Entry Signal;1;;;;;
ETHUSDT;Long;39.10870622103232;14.08.2025 17:10;14.08.2025 17:10;0;4534.7;0;0;0;0;Filtered;Filtered;Weak Entry Signal;1;;;;;
ETHUSDT;Long;39.56081327315662;14.08.2025 22:05;14.08.2025 22:05;0;4476.39;0;0;0;0;Filtered;Filtered;Weak Entry Signal;1;;;;;
ETHUSDT;Short;55.7347971069387;14.08.2025 23:50;14.08.2025 23:50;0;4549.85;0;0;0;0;Filtered;Filtered;Weak Entry Signal;1;;;;;
ETHUSDT;Short;64.97315703898207;15.08.2025 2:50;15.08.2025 2:50;0;4627.11;0;0;0;0;Filtered;Filtered;Weak Entry Signal;1;;;;;
ETHUSDT;Short;59.81398373275715;15.08.2025 3:40;15.08.2025 3:40;0;4634.54;0;0;0;0;Filtered;Filtered;Weak Entry Signal;1;;;;;
ETHUSDT;Long;36.136434996302576;15.08.2025 14:05;15.08.2025 14:05;0;4565.41;0;0;0;0;Filtered;Filtered;Weak Entry Signal;1;;;;;
ETHUSDT;Long;31.820509985161124;15.08.2025 14:30;15.08.2025 14:30;0;4544.58;0;0;0;0;Filtered;Filtered;Weak Entry Signal;1;;;;;
ETHUSDT;Long;32.10549974804026;15.08.2025 15:30;15.08.2025 15:30;16.08.2025 1:05;4460.79;4464.45;0,082048247;9.583333333333334;4326.9663;Profit;Reverse Signal (Short);;0;;;;;
ETHUSDT;Long;37.20287587498255;15.08.2025 15:50;15.08.2025 15:50;16.08.2025 1:05;4445.57;4464.45;0,424692447;Вер.25;4312.202899999999;Profit;Reverse Signal (Short);;0;;;;;
ETHUSDT;Long;33.99380220612221;15.08.2025 16:20;15.08.2025 16:20;16.08.2025 1:05;4401.98;4464.45;1,419134117;Сер.75;4269.9205999999995;Profit;Reverse Signal (Short);;0;;;;;
ETHUSDT;Short;56.235623111394084;15.08.2025 23:05;15.08.2025 23:05;0;4446.5;0;0;0;0;Filtered;Filtered;Weak Entry Signal;1;;;;;
ETHUSDT;Short;58.465893432859005;16.08.2025 1:00;16.08.2025 1:00;0;4469.3;0;0;0;0;Filtered;Filtered;Weak Entry Signal;1;;;;;
ETHUSDT;Short;55.80533490242625;16.08.2025 1:15;16.08.2025 1:15;0;4469.41;0;0;0;0;Filtered;Filtered;Weak Entry Signal;1;;;;;
ETHUSDT;Long;41.459211824470685;16.08.2025 6:40;16.08.2025 6:40;0;4421.06;0;0;0;0;Filtered;Filtered;Weak Entry Signal;1;;;;;
ETHUSDT;Long;37.722495572137866;16.08.2025 10:40;16.08.2025 10:40;0;4401.8;0;0;0;0;Filtered;Filtered;Weak Entry Signal;1;;;;;
ETHUSDT;Short;63.917075678301984;17.08.2025 4:10;17.08.2025 4:10;0;4455.92;0;0;0;0;Filtered;Filtered;Weak Entry Signal;1;;;;;
ETHUSDT;Short;65.8578157992379;17.08.2025 4:35;17.08.2025 4:35;0;4469.14;0;0;0;0;Filtered;Filtered;Weak Entry Signal;1;;;;;
ETHUSDT;Short;68.34765433433873;17.08.2025 5:00;17.08.2025 5:00;0;4482.32;0;0;0;0;Filtered;Filtered;Weak Entry Signal;1;;;;;
ETHUSDT;Short;67.88743776966447;17.08.2025 5:15;17.08.2025 5:15;0;4484.48;0;0;0;0;Filtered;Filtered;Weak Entry Signal;1;;;;;
ETHUSDT;Short;70.2954429693155;17.08.2025 9:30;17.08.2025 9:30;0;4538.98;0;0;0;0;Filtered;Filtered;Secondary TF Filter: Uptrend: avg_sma_change=1.79, no_rsi_extreme=True;1;;;;;
ETHUSDT;Long;40.52511632726087;17.08.2025 17:20;17.08.2025 17:20;0;4518.57;0;0;0;0;Filtered;Filtered;Weak Entry Signal;1;;;;;
ETHUSDT;Long;37.26265804890535;17.08.2025 19:20;17.08.2025 19:20;0;4480.38;0;0;0;0;Filtered;Filtered;Weak Entry Signal;1;;;;;
ETHUSDT;Long;33.1329020104601;17.08.2025 19:50;17.08.2025 19:50;0;4461.4;0;0;0;0;Filtered;Filtered;Weak Entry Signal;1;;;;;
ETHUSDT;Short;56.68228751640423;17.08.2025 23:00;17.08.2025 23:00;0;4509.61;0;0;0;0;Filtered;Filtered;Weak Entry Signal;1;;;;;
ETHUSDT;Long;40.44801350239956;18.08.2025 0:45;18.08.2025 0:45;0;4459.96;0;0;0;0;Filtered;Filtered;Weak Entry Signal;1;;;;;
ETHUSDT;Long;27.77955885901754;18.08.2025 2:10;18.08.2025 2:10;0;4376.51;0;0;0;0;Filtered;Filtered;Secondary TF Filter: Downtrend: avg_sma_change=-2.20, no_rsi_extreme=True;1;;;;;
ETHUSDT;Long;27.111261492390497;18.08.2025 2:55;18.08.2025 2:55;0;4320.55;0;0;0;0;Filtered;Filtered;Secondary TF Filter: Downtrend: avg_sma_change=-2.45, no_rsi_extreme=True;1;;;;;
ETHUSDT;Long;32.72386720331649;18.08.2025 3:40;18.08.2025 3:40;0;4306.07;0;0;0;0;Filtered;Filtered;Weak Entry Signal;1;;;;;
ETHUSDT;Long;37.487047501603875;18.08.2025 7:00;18.08.2025 7:00;0;4257.86;0;0;0;0;Filtered;Filtered;Weak Entry Signal;1;;;;;
ETHUSDT;Short;65.25311967286743;18.08.2025 13:10;18.08.2025 13:10;0;4335.99;0;0;0;0;Filtered;Filtered;Weak Entry Signal;1;;;;;
ETHUSDT;Short;64.20641486331382;18.08.2025 13:35;18.08.2025 13:35;0;4348.88;0;0;0;0;Filtered;Filtered;Weak Entry Signal;1;;;;;
ETHUSDT;Long;37.252776731866376;19.08.2025 0:00;19.08.2025 0:00;0;4316.72;0;0;0;0;Filtered;Filtered;Weak Entry Signal;1;;;;;
ETHUSDT;Long;33.57491471852816;19.08.2025 4:15;19.08.2025 4:15;19.08.2025 9:55;4222.32;4280.93;1,388099433;5.666666666666667;4095.6503999999995;Profit;Reverse Signal (Short);;0;;;;;
ETHUSDT;Short;60.6410612923908;19.08.2025 9:45;19.08.2025 9:45;0;4275.95;0;0;0;0;Filtered;Filtered;Weak Entry Signal;1;;;;;
ETHUSDT;Short;60.23965322694085;19.08.2025 10:30;19.08.2025 10:30;0;4286.37;0;0;0;0;Filtered;Filtered;Weak Entry Signal;1;;;;;
ETHUSDT;Short;60.944595596281204;19.08.2025 11:35;19.08.2025 11:35;0;4299.77;0;0;0;0;Filtered;Filtered;Weak Entry Signal;1;;;;;
ETHUSDT;Short;57.8087668614422;19.08.2025 12:00;19.08.2025 12:00;0;4301.65;0;0;0;0;Filtered;Filtered;Weak Entry Signal;1;;;;;
ETHUSDT;Long;39.42556922239912;19.08.2025 15:20;19.08.2025 15:20;0;4209.56;0;0;0;0;Filtered;Filtered;Weak Entry Signal;1;;;;;
ETHUSDT;Long;41.37238576898275;19.08.2025 16:20;19.08.2025 16:20;0;4194.78;0;0;0;0;Filtered;Filtered;Weak Entry Signal;1;;;;;
ETHUSDT;Long;39.8744927799384;19.08.2025 17:10;19.08.2025 17:10;0;4158.5;0;0;0;0;Filtered;Filtered;Weak Entry Signal;1;;;;;
ETHUSDT;Long;41.32767855897039;20.08.2025 0:00;20.08.2025 0:00;0;4095.58;0;0;0;0;Filtered;Filtered;Weak Entry Signal;1;;;;;
ETHUSDT;Short;57.63223966534811;20.08.2025 3:35;20.08.2025 3:35;0;4145.51;0;0;0;0;Filtered;Filtered;Weak Entry Signal;1;;;;;
ETHUSDT;Short;60.00914562601252;20.08.2025 4:35;20.08.2025 4:35;0;4163.0;0;0;0;0;Filtered;Filtered;Weak Entry Signal;1;;;;;
ETHUSDT;Short;58.94865802017292;20.08.2025 5:05;20.08.2025 5:05;0;4165.36;0;0;0;0;Filtered;Filtered;Weak Entry Signal;1;;;;;
ETHUSDT;Short;59.5974817715867;20.08.2025 6:10;20.08.2025 6:10;0;4175.76;0;0;0;0;Filtered;Filtered;Weak Entry Signal;1;;;;;
ETHUSDT;Short;57.51305725367526;20.08.2025 6:45;20.08.2025 6:45;0;4180.2;0;0;0;0;Filtered;Filtered;Weak Entry Signal;1;;;;;
ETHUSDT;Short;62.62420857601531;20.08.2025 15:45;20.08.2025 15:45;0;4273.65;0;0;0;0;Filtered;Filtered;Weak Entry Signal;1;;;;;
ETHUSDT;Short;63.15590648467527;20.08.2025 16:30;20.08.2025 16:30;0;4311.22;0;0;0;0;Filtered;Filtered;Weak Entry Signal;1;;;;;
ETHUSDT;Short;58.54343630484817;20.08.2025 17:10;20.08.2025 17:10;0;4308.07;0;0;0;0;Filtered;Filtered;Weak Entry Signal;1;;;;;
ETHUSDT;Long;42.17917082343178;21.08.2025 17:25;21.08.2025 17:25;0;4224.29;0;0;0;0;Filtered;Filtered;Weak Entry Signal;1;;;;;
ETHUSDT;Short;66.0504250607005;22.08.2025 2:45;22.08.2025 2:45;0;4295.5;0;0;0;0;Filtered;Filtered;Weak Entry Signal;1;;;;;
ETHUSDT;Short;57.5953816798738;22.08.2025 7:55;22.08.2025 7:55;0;4327.53;0;0;0;0;Filtered;Filtered;Weak Entry Signal;1;;;;;
ETHUSDT;Short;63.52657761468695;22.08.2025 8:10;22.08.2025 8:10;0;4344.44;0;0;0;0;Filtered;Filtered;Weak Entry Signal;1;;;;;
ETHUSDT;Short;59.61655107331666;22.08.2025 8:35;22.08.2025 8:35;0;4342.87;0;0;0;0;Filtered;Filtered;Weak Entry Signal;1;;;;;
ETHUSDT;Long;33.32483463765833;22.08.2025 11:40;22.08.2025 11:40;0;4282.46;0;0;0;0;Filtered;Filtered;Weak Entry Signal;1;;;;;
ETHUSDT;Long;38.093968662526436;22.08.2025 12:40;22.08.2025 12:40;22.08.2025 14:55;4241.83;4614.65;8,789131106;Лют.25;4114.5751;Profit;Reverse Signal (Short);;0;;;;;
ETHUSDT;Short;78.96475634470535;22.08.2025 14:55;22.08.2025 14:55;0;4614.65;0;0;0;0;Filtered;Filtered;Secondary TF Filter: Recent bull cross at RSI_SMA=58.50;1;;;;;
ETHUSDT;Short;73.25658208885265;22.08.2025 16:15;22.08.2025 16:15;0;4743.35;0;0;0;0;Filtered;Filtered;Secondary TF Filter: Recent bull cross at RSI_SMA=58.50;1;;;;;
ETHUSDT;Short;57.94822833287757;22.08.2025 21:30;22.08.2025 21:30;0;4862.52;0;0;0;0;Filtered;Filtered;Weak Entry Signal;1;;;;;
ETHUSDT;Long;39.61813406335217;23.08.2025 1:50;23.08.2025 1:50;0;4777.69;0;0;0;0;Filtered;Filtered;Weak Entry Signal;1;;;;;
ETHUSDT;Long;33.27834379225443;23.08.2025 2:45;23.08.2025 2:45;0;4709.79;0;0;0;0;Filtered;Filtered;Weak Entry Signal;1;;;;;
ETHUSDT;Long;36.12448270060954;23.08.2025 3:45;23.08.2025 3:45;0;4687.49;0;0;0;0;Filtered;Filtered;Weak Entry Signal;1;;;;;
ETHUSDT;Short;57.36041479020779;23.08.2025 16:25;23.08.2025 16:25;0;4754.38;0;0;0;0;Filtered;Filtered;Weak Entry Signal;1;;;;;
ETHUSDT;Short;64.0669511526094;23.08.2025 23:25;23.08.2025 23:25;0;4786.01;0;0;0;0;Filtered;Filtered;Weak Entry Signal;1;;;;;
ETHUSDT;Short;58.25144214115758;24.08.2025 0:55;24.08.2025 0:55;0;4798.01;0;0;0;0;Filtered;Filtered;Weak Entry Signal;1;;;;;
ETHUSDT;Long;39.92856879340535;24.08.2025 11:00;24.08.2025 11:00;0;4744.52;0;0;0;0;Filtered;Filtered;Weak Entry Signal;1;;;;;
ETHUSDT;Long;36.415683937021754;24.08.2025 11:20;24.08.2025 11:20;0;4730.28;0;0;0;0;Filtered;Filtered;Weak Entry Signal;1;;;;;
ETHUSDT;Short;59.90702881248545;24.08.2025 14:20;24.08.2025 14:20;0;4777.94;0;0;0;0;Filtered;Filtered;Weak Entry Signal;1;;;;;
ETHUSDT;Short;65.42213372483249;24.08.2025 15:35;24.08.2025 15:35;0;4813.79;0;0;0;0;Filtered;Filtered;Weak Entry Signal;1;;;;;
ETHUSDT;Short;57.883523123545835;24.08.2025 16:55;24.08.2025 16:55;0;4821.98;0;0;0;0;Filtered;Filtered;Weak Entry Signal;1;;;;;
ETHUSDT;Long;41.35389942762935;24.08.2025 21:05;24.08.2025 21:05;0;4775.0;0;0;0;0;Filtered;Filtered;Weak Entry Signal;1;;;;;
ETHUSDT;Long;38.21163802698651;25.08.2025 1:10;25.08.2025 1:10;0;4719.78;0;0;0;0;Filtered;Filtered;Weak Entry Signal;1;;;;;
ETHUSDT;Long;37.85526056975722;25.08.2025 5:10;25.08.2025 5:10;0;4707.37;0;0;0;0;Filtered;Filtered;Weak Entry Signal;1;;;;;
ETHUSDT;Long;36.41645890664713;25.08.2025 7:00;25.08.2025 7:00;0;4649.68;0;0;0;0;Filtered;Filtered;Weak Entry Signal;1;;;;;
ETHUSDT;Long;36.02780182965435;25.08.2025 7:35;25.08.2025 7:35;0;4625.65;0;0;0;0;Filtered;Filtered;Weak Entry Signal;1;;;;;
ETHUSDT;Long;34.73238166894332;25.08.2025 8:10;25.08.2025 8:10;0;4591.19;0;0;0;0;Filtered;Filtered;Weak Entry Signal;1;;;;;
ETHUSDT;Long;43.49220063882144;25.08.2025 9:10;25.08.2025 9:10;0;4592.65;0;0;0;0;Filtered;Filtered;Weak Entry Signal;1;;;;;
ETHUSDT;Short;65.77388930334675;25.08.2025 13:05;25.08.2025 13:05;0;4637.38;0;0;0;0;Filtered;Filtered;Weak Entry Signal;1;;;;;
ETHUSDT;Short;52.49519242266727;25.08.2025 13:30;25.08.2025 13:30;0;4624.46;0;0;0;0;Filtered;Filtered;Weak Entry Signal;1;;;;;
ETHUSDT;Long;27.092970505884637;25.08.2025 20:15;25.08.2025 20:15;26.08.2025 5:10;4416.53;4445.76;0,6618318;8.916666666666666;4284.0341;Profit;Reverse Signal (Short);;0;;;;;
ETHUSDT;Long;29.061763326968787;25.08.2025 20:40;25.08.2025 20:40;26.08.2025 5:10;4371.86;4445.76;1,69035605;08.Тра;4240.704199999999;Profit;Reverse Signal (Short);;0;;;;;
ETHUSDT;Short;60.140251523950866;26.08.2025 15:20;26.08.2025 15:20;0;4547.87;0;0;0;0;Filtered;Filtered;Weak Entry Signal;1;;;;;
ETHUSDT;Long;41.31169784376552;27.08.2025 1:50;27.08.2025 1:50;0;4556.27;0;0;0;0;Filtered;Filtered;Weak Entry Signal;1;;;;;
ETHUSDT;Short;62.2325142305509;27.08.2025 4:40;27.08.2025 4:40;0;4626.09;0;0;0;0;Filtered;Filtered;Weak Entry Signal;1;;;;;
ETHUSDT;Short;60.76108270221376;27.08.2025 5:15;27.08.2025 5:15;0;4633.43;0;0;0;0;Filtered;Filtered;Weak Entry Signal;1;;;;;
ETHUSDT;Long;42.98676182815923;27.08.2025 7:45;27.08.2025 7:45;0;4579.38;0;0;0;0;Filtered;Filtered;Weak Entry Signal;1;;;;;
ETHUSDT;Long;41.811617975639116;27.08.2025 8:35;27.08.2025 8:35;0;4570.11;0;0;0;0;Filtered;Filtered;Weak Entry Signal;1;;;;;
ETHUSDT;Long;39.89486479806585;27.08.2025 19:30;27.08.2025 19:30;0;4575.34;0;0;0;0;Filtered;Filtered;Weak Entry Signal;1;;;;;
ETHUSDT;Long;39.56892185451461;27.08.2025 20:10;27.08.2025 20:10;0;4561.06;0;0;0;0;Filtered;Filtered;Weak Entry Signal;1;;;;;
ETHUSDT;Long;36.35551097676332;27.08.2025 22:20;27.08.2025 22:20;0;4512.5;0;0;0;0;Filtered;Filtered;Weak Entry Signal;1;;;;;
ETHUSDT;Short;56.80778706460124;28.08.2025 4:00;28.08.2025 4:00;0;4535.74;0;0;0;0;Filtered;Filtered;Weak Entry Signal;1;;;;;
ETHUSDT;Short;62.91222803009422;28.08.2025 4:20;28.08.2025 4:20;0;4549.46;0;0;0;0;Filtered;Filtered;Weak Entry Signal;1;;;;;
ETHUSDT;Short;65.29672046600581;28.08.2025 5:10;28.08.2025 5:10;0;4575.48;0;0;0;0;Filtered;Filtered;Weak Entry Signal;1;;;;;
